{"@class":"java.util.HashMap","id":1,"label":"vertex","outE":{"@class":"java.util.HashMap","created":["java.util.ArrayList",[{"@class":"java.util.HashMap","id":9,"inV":3,"properties":{"@class":"java.util.HashMap","weight":["java.lang.Float",0.4]}}]],"knows":["java.util.ArrayList",[{"@class":"java.util.HashMap","id":7,"inV":2,"properties":{"@class":"java.util.HashMap","weight":["java.lang.Float",0.5]}},{"@class":"java.util.HashMap","id":8,"inV":4,"properties":{"@class":"java.util.HashMap","weight":["java.lang.Float",1.0]}}]]},"properties":{"@class":"java.util.HashMap","name":["java.util.ArrayList",[{"@class":"java.util.HashMap","id":0,"value":"marko"}]],"age":["java.util.ArrayList",[{"@class":"java.util.HashMap","id":2,"value":29}]]}}
{"@class":"java.util.HashMap","id":2,"label":"vertex","inE":{"@class":"java.util.HashMap","knows":["java.util.ArrayList",[{"@class":"java.util.HashMap","id":7,"outV":1,"properties":{"@class":"java.util.HashMap","weight":["java.lang.Float",0.5]}}]]},"properties":{"@class":"java.util.HashMap","name":["java.util.ArrayList",[{"@class":"java.util.HashMap","id":3,"value":"vadas"}]],"age":["java.util.ArrayList",[{"@class":"java.util.HashMap","id":4,"value":27}]]}}
{"@class":"java.util.HashMap","id":3,"label":"vertex","inE":{"@class":"java.util.HashMap","created":["java.util.ArrayList",[{"@class":"java.util.HashMap","id":9,"outV":1,"properties":{"@class":"java.util.HashMap","weight":["java.lang.Float",0.4]}},{"@class":"java.util.HashMap","id":11,"outV":4,"properties":{"@class":"java.util.HashMap","weight":["java.lang.Float",0.4]}},{"@class":"java.util.HashMap","id":12,"outV":6,"properties":{"@class":"java.util.HashMap","weight":["java.lang.Float",0.2]}}]]},"properties":{"@class":"java.util.HashMap","name":["java.util.ArrayList",[{"@class":"java.util.HashMap","id":5,"value":"lop"}]],"lang":["java.util.ArrayList",[{"@class":"java.util.HashMap","id":6,"value":"java"}]]}}
{"@class":"java.util.HashMap","id":4,"label":"vertex","inE":{"@class":"java.util.HashMap","knows":["java.util.ArrayList",[{"@class":"java.util.HashMap","id":8,"outV":1,"properties":{"@class":"java.util.HashMap","weight":["java.lang.Float",1.0]}}]]},"outE":{"@class":"java.util.HashMap","created":["java.util.ArrayList",[{"@class":"java.util.HashMap","id":10,"inV":5,"properties":{"@class":"java.util.HashMap","weight":["java.lang.Float",1.0]}},{"@class":"java.util.HashMap","id":11,"inV":3,"properties":{"@class":"java.util.HashMap","weight":["java.lang.Float",0.4]}}]]},"properties":{"@class":"java.util.HashMap","name":["java.util.ArrayList",[{"@class":"java.util.HashMap","id":7,"value":"josh"}]],"age":["java.util.ArrayList",[{"@class":"java.util.HashMap","id":8,"value":32}]]}}
{"@class":"java.util.HashMap","id":5,"label":"vertex","inE":{"@class":"java.util.HashMap","created":["java.util.ArrayList",[{"@class":"java.util.HashMap","id":10,"outV":4,"properties":{"@class":"java.util.HashMap","weight":["java.lang.Float",1.0]}}]]},"properties":{"@class":"java.util.HashMap","name":["java.util.ArrayList",[{"@class":"java.util.HashMap","id":9,"value":"ripple"}]],"lang":["java.util.ArrayList",[{"@class":"java.util.HashMap","id":10,"value":"java"}]]}}
{"@class":"java.util.HashMap","id":6,"label":"vertex","outE":{"@class":"java.util.HashMap","created":["java.util.ArrayList",[{"@class":"java.util.HashMap","id":12,"inV":3,"properties":{"@class":"java.util.HashMap","weight":["java.lang.Float",0.2]}}]]},"properties":{"@class":"java.util.HashMap","name":["java.util.ArrayList",[{"@class":"java.util.HashMap","id":11,"value":"peter"}]],"age":["java.util.ArrayList",[{"@class":"java.util.HashMap","id":12,"value":35}]]}}
